text,label,label_text
Go away please ... I'm begging Â»Â»Â» #depression #anxiety #worry #fear #sadness \nDreams of joy and my baby to be found...Sits on #AndisBench,3,sadness
My 2 teens sons just left in the car to get haircuts. I'm praying up a storm that they make it home safely!!  #TerenceCrutcher,2,optimism
@user :)) im now writing abt the changing face of sex industry in tr :))) now men will talk to me then! #revenge,0,anger
"Michelle, who did NOTHING is hating on Nicole's game hahaha.... #bitter #bb18",1,joy
"Look at us, smiling in the photographâ™ª You can see the secrets behind the fake smilesâ™ª (*ãƒ»Ï‰ãƒ»*) (Â©FACTã€Œa fact of lifeã€)",1,joy
"@user Betelgeuse/Sloth was lively, dedicated and tenacious, Regulus/Greed is humbly content and Ley/Gluttony is starving hungry.",3,sadness
Circle K is dead to me. I hate your new slushie machine.  #livid,0,anger
"â€œHe who is slow to anger is better than the mighty, And he who rules his spirit than he who takes a city.â€\nP16:32 #bibleverse #pride",2,optimism
Loving @user @user talk #challenge #fear #map #inspiration #stayunstoppable,2,optimism
"Are you worrying/worried?\n1Peter 5:7\nThrow all your worry on him, because he cares for you.#faith #leadership #worry #mindfulness #success",2,optimism
@user there is no room for jokes in hockey! This is a serious business where we made up teams to fill out the tournament!,2,optimism
resentment is rlly my shit.,0,anger
"@user -Sylvia was elated to receive kisses from the little prince, her bright smile clear as she glanced to Garrett and Elyse- --",1,joy
@user ehhh I guess. I want to everyone I've ever burst out laughing in front ofğŸ˜‚,1,joy
I wish the next madden has a story mode too. Just like Fifa 17,2,optimism
Benefit out exhilaration called online backing off: JkUVmvQXY,1,joy
Lady gaga fucking followed i have been waiting for this day for ages it fucking happened im shaking thank you so much @user â¤ï¸,1,joy
@user I know if I wasn't an optimist I would despair.,2,optimism
Let's refuse to live in #fear -  #c$%t,2,optimism
Thiza!!! What happens now when you tell him you're pregnant via home test &amp; nurse later tells you it's a false alarm &amp; BaE is too excitedğŸ™Š,3,sadness
So you're unhappy?,3,sadness
"@user [He grumbled as he sat atop the sushi bar stool, crossing his arms defiantly, in a playful gesture, though he gave anyone who &gt;",0,anger
Mom you remember when Narley died? You cried like a baby!,3,sadness
@user it's old sadly,3,sadness
Q&amp;A with N. Christie @user fr. @user What would Peter and Dardanella think of us knowing? #poorthings #shy,3,sadness
@user I'm wearing all black tomorrow to mourn. ğŸ˜­ğŸ’”,3,sadness
Watching Avatar and wondering why I took so long to watch this *collapses in a joyous heap*,1,joy
@user @user Classic SHITLIB bullshit. Create a horrible problem and then 'discuss' how to solve it. What a PIMP.,0,anger
@user which was worse than expected and hilarious too. no one will even remember.,1,joy
Omg he kissed herğŸ™ˆ #shy #w,1,joy
I want to pour all my tears on someone right now. So tired of this #upset #sad,3,sadness
"Americans as a whole are, for the most part, feeling borderline despair at the very least. Looking at a situation out of control.",0,anger
"I believe the work I do is meaningful; my clients would agree but at the end of the day, I feel like a pawn, lost in this chaotic world.",3,sadness
@user against Chelsea anything is possible haha. I'm fuming about that bet ğŸ™„ğŸ™„ğŸ™„ğŸ™„ğŸ™„ğŸ™„,0,anger
Don't get discouraged when simple minds don't see your vision,2,optimism
@user @user had more fun than the funniest person in funsville..... Much hilarity as usual.... Thank you â¤ï¸,1,joy
"Bloody hell Pam, calm yourself down. But could have sworn something black &amp; hairy just ran across the carpet, #perilsoflivingalone #nervous",3,sadness
Always borrow money from a pessimist; he doesn't expect to be paid back.,2,optimism
Sorry guys I have absolutely no idea what time i'll be on cam tomorrow but will keep you posted. #fuming,0,anger
If I had a little bit of extra money I would blow the whole paycheck and go to one of the two of @user concerts in LA. #serious,2,optimism
"I want my highlight to be so bright that if I ever get lost and someone is looking for me in the dark, they'll find me.",2,optimism
We stayed up all night long\nMade our drinks too strong\nFeeling ten feet tall\nRopes swinging into the water\nIn the middle of the night,1,joy
@user grim what the fuck going on with these dame fucking clowns takeing the gameing channel if I had a way to nj I would delete,0,anger
I haven't watched my favorite youtubers in months and it's honestly made my depression so much worse,3,sadness
Sickness bug! #awful,0,anger
kenny - where were you born\nme - washington\nkenny - you fucking liar you were born in the fiery pits of hell,0,anger
Women don't like girls because we resent them for looking so great/we wish we still looked like that  #washed,0,anger
Ill say it again. If I was a Black man Id be afraid to leave my house or have a moving violation.\n\n #TerranceCrutcher #truth,3,sadness
"@user Wait, didn't she get a case of the ass when Donald Trump called it terrorism BEFORE all the facts were in?  I guess it's ok if she does",0,anger
@user I want to achieve to your level of optimism,2,optimism
I think they may be,2,optimism
You can't fight the elephants until you have wrestled the pigs. #quoteoftheday,2,optimism
Ask yourself every day: \nam I ruled by fear and hatred \nor am I ruled by love and the sacred?,2,optimism
If you #invest in my new #film I will stop asking you to invest in my new film. #concessions #crime #despair #shortsightedness #celebrities,3,sadness
"@user Thank you for the most fantastic evening, it was a brilliant show, you are a truly #sparkling talent, night over too quickly.",1,joy
don't give someone power by letting their words offend you,2,optimism
I had really strange and awful dreams last night. I'd didn't even eat cheese before bed #nightmare #lovemysleep,3,sadness
i love that tay &amp; tiff are just sitting at my house while i'm at work ğŸ™ƒ,1,joy
Go away please ... I'm begging Â»Â»Â» #depression #anxiety #worry #fear #sadness \nDreams of joy and my baby to be found...Sits on #AndisBench,3,sadness
Sometimes The Worst Place You Can Be Is In Your Own Head.'\n\n #quotes #worstenemy  #thinktoomuch,3,sadness
@user thanks Ryan &amp; Brad for scary the shit out of us in the first episode. Don't think my heart will make it through the s6,3,sadness
"Any #entrenepuers, #start ups, #SME's out there looking for proactive #accountancy, #tax and #business advice? We can help. Get in touch.",2,optimism
resentment is rlly my shit.,0,anger
I'm really hitting all flavors of my sparkling water rap. But you know what's tripping me out? These half French and Spanish flavors.,1,joy
"Michelle, who did NOTHING is hating on Nicole's game hahaha.... #bitter #bb18",1,joy
@user @user I cancelled by CBS all access live feeds before JC even said Vic won AFP. Paul.should have won IMO,3,sadness
@user I'm so serious DM me I'll tell u more,2,optimism
@user beware the fury of a weak king,2,optimism
I think I must scare my coworkers when I'm eating like a rabid animal on my breaks #srry,3,sadness
My 2 teens sons just left in the car to get haircuts. I'm praying up a storm that they make it home safely!!  #TerenceCrutcher,2,optimism
something about opening mail is just...very pleasing,1,joy
@user @user good thing the FBI didn't offend them!,2,optimism
@user @user welcome ji . sorry for words that irritate u,0,anger
Who's not going to hoco and wants to go to fright fest this Saturday??,1,joy
Unruly kids at 8am in the morning #nothanks ripping the flower beds up by the roots while their parents watch #shocking,0,anger
"Itâ€™s possible changing meds is best not done while under stress. Difficult to tell what part of despair is circumstantial, what is drugs.",3,sadness
"It's simple I get after two shots of espresso 'Grande, decaf, 130 degrees soy americano with extra foam' #barista #nightmare",0,anger
Watch this amazing live.ly broadcast by @user  #musically,1,joy
@user :)) im now writing abt the changing face of sex industry in tr :))) now men will talk to me then! #revenge,0,anger
And thus begins my 2 week holiday! ğŸ˜ğŸ˜\n#holiday #cheering #ghastinoir #rest,1,joy
@user Canada should be a driving force of democracy freedom rights - instead we help #dictator #misogyny #Sharia #Islam  #polygamy,0,anger
Free live music in DC tonight!  #blues with #MoonshineSociety at @user in the Loft starting at 10:30pm @user @user,1,joy
And she got all angry telling me 'but what would be doing a 40 year old guy looking for a girl like you' and I felt,0,anger
"@user  as a musician, I can tell you that more people get discouraged when learning because of shitty instruments than anything else.",0,anger
im thoroughly in love w zen and jumin and i dont think id even have the patience for either of them irl im old and weary,1,joy
That last minute was like watching a horror show #GBBO ğŸ˜¥,3,sadness
The Pats are awesome. Belichick is awesome ...they just are. #awestruck,1,joy
@user my first time in Slough so checked out the new station floor  #LifeOnTheRoad,1,joy
@user That's why compatibility is key as it lowers hedonic volatility.,2,optimism
"@user I'm surrounded by those Trump voters. You're right, it is fucking terrifying. #redstate",0,anger
Anyway I'm in a car with a furious white men and I have a really funny story to tell when I'm sober ğŸ˜‚,1,joy
"@user but sadly he missed some crucial and important points. Indian terrorism in pk,  kal Boshan,  etc..  Raw involvement",3,sadness
@user Are you always so relentlessly positive? Your constantly cheerful optimistic disposition starts to grate after a while.,2,optimism
"@user He has had a dreadful first half, not to mention rashford would've got on the end of a couple of those through balls #pace",3,sadness
@user Sam- yes we have! Not helpful at all! We need this sorting ASAP! You keep promising stuff that doesn't happen!!!! #fuming,0,anger
"Leeds surely to drop the prices for that cup tie, rather than the dismal attendance last night..",2,optimism
"@user @user @user Trudeau endulging on outrage culture once again. Preaching issues ad hominem,but never quanitfying them",0,anger
gifs on iOS10 messaging app are hilarious.,1,joy
Quinn's short hair makes me sad. #glee,3,sadness
so probably hunger and depression and dissociating equals a weird time anything else,3,sadness
"I'll happily be rude to people who personally insult me unprovoked, they deserve it ğŸ‘ Just as good people deserve respect",0,anger
"B day next week, catch the sauce and watch the heaviness!",1,joy
@user otherwise you're committing a crime against your soul only sober ppl know what is good or bad for themselves,2,optimism
Circle K is dead to me. I hate your new slushie machine.  #livid,0,anger
My bus was in a car crash... I'm still shaking a bit... This week was an absolute horror and this was the icing on the cake... #terrible,3,sadness
@user Both Trump + King are relentless self-promoters who don't give a rip about anyone else. A perfect match for both Donalds.,0,anger
You head north and arrive at a breezy cave. It smells sweet. You glance at your watch; you're running 15 minutes late.,1,joy
I love when people say they aren't racist right before they say some racist shit... Not how that works...,0,anger
"A cheerful heart is good medicine, but a crushed spirit dries up the bones. A wicked man accepts a bribe in secret to pervert  justice.",2,optimism
"Don't be #afraid of the space between your #dreams and #reality. If you can #dream it, you can #make it so",2,optimism
"#Trump is #afraid of the big, bad #Hillary. #election #PresidentialDebate #PresidentialElection2016 #orangehitler #skip #hide #coward #fear",0,anger
"@user Betelgeuse/Sloth was lively, dedicated and tenacious, Regulus/Greed is humbly content and Ley/Gluttony is starving hungry.",3,sadness
This weather making me dread work tonight,3,sadness
"@user both are nonsensical. If there's injustice against blacks, why add to it by destroying black property. It's misdirected anger",0,anger
I can't pull myself out of depression,3,sadness
You have to find a way to top yourself.,2,optimism
This is the scariest American Horror Story out of all of them... I'm gonna have to watch in the daytime. #frightened,3,sadness
"Look at us, smiling in the photographâ™ª You can see the secrets behind the fake smilesâ™ª (*ãƒ»Ï‰ãƒ»*) (Â©FACTã€Œa fact of lifeã€)",1,joy
Don't chase fame\nif you're going\nto resent it\nwhen it starts\nchasing you'\nWRDSMTH,2,optimism
@user sparkling water wyd,1,joy
"â€œHe who is slow to anger is better than the mighty, And he who rules his spirit than he who takes a city.â€\nP16:32 #bibleverse #pride",2,optimism
don't provoke me after letting me down !,0,anger
First College Math Test tomorrow,1,joy
Bring on my interview at hospital tho ğŸ™ˆğŸ™ˆ,2,optimism
18' \nMichael Carrick as struck the back of the net much to the delight of under pressure man u fanz and MOU...,3,sadness
I want to pour all my tears on someone right now. So tired of this #upset #sad,3,sadness
@user against Chelsea anything is possible haha. I'm fuming about that bet ğŸ™„ğŸ™„ğŸ™„ğŸ™„ğŸ™„ğŸ™„,0,anger
Q&amp;A with N. Christie @user fr. @user What would Peter and Dardanella think of us knowing? #poorthings #shy,3,sadness
Watching Avatar and wondering why I took so long to watch this *collapses in a joyous heap*,1,joy
"Are you worrying/worried?\n1Peter 5:7\nThrow all your worry on him, because he cares for you.#faith #leadership #worry #mindfulness #success",2,optimism
"I believe the work I do is meaningful; my clients would agree but at the end of the day, I feel like a pawn, lost in this chaotic world.",3,sadness
Benefit out exhilaration called online backing off: JkUVmvQXY,1,joy
If I had a little bit of extra money I would blow the whole paycheck and go to one of the two of @user concerts in LA. #serious,2,optimism
resentment is rlly my shit.,0,anger
"@user [He grumbled as he sat atop the sushi bar stool, crossing his arms defiantly, in a playful gesture, though he gave anyone who &gt;",0,anger
"@user -Sylvia was elated to receive kisses from the little prince, her bright smile clear as she glanced to Garrett and Elyse- --",1,joy
Always borrow money from a pessimist; he doesn't expect to be paid back.,2,optimism
Omg he kissed herğŸ™ˆ #shy #w,1,joy
@user @user had more fun than the funniest person in funsville..... Much hilarity as usual.... Thank you â¤ï¸,1,joy
"Bloody hell Pam, calm yourself down. But could have sworn something black &amp; hairy just ran across the carpet, #perilsoflivingalone #nervous",3,sadness
"I want my highlight to be so bright that if I ever get lost and someone is looking for me in the dark, they'll find me.",2,optimism
Sickness bug! #awful,0,anger
kenny - where were you born\nme - washington\nkenny - you fucking liar you were born in the fiery pits of hell,0,anger
@user it's old sadly,3,sadness
Loving @user @user talk #challenge #fear #map #inspiration #stayunstoppable,2,optimism
"@user Wait, didn't she get a case of the ass when Donald Trump called it terrorism BEFORE all the facts were in?  I guess it's ok if she does",0,anger
Ill say it again. If I was a Black man Id be afraid to leave my house or have a moving violation.\n\n #TerranceCrutcher #truth,3,sadness
Free live music in DC tonight!  #blues with #MoonshineSociety at @user in the Loft starting at 10:30pm @user @user,1,joy
My 2 teens sons just left in the car to get haircuts. I'm praying up a storm that they make it home safely!!  #TerenceCrutcher,2,optimism
Women don't like girls because we resent them for looking so great/we wish we still looked like that  #washed,0,anger
@user beware the fury of a weak king,2,optimism
resentment is rlly my shit.,0,anger
I had really strange and awful dreams last night. I'd didn't even eat cheese before bed #nightmare #lovemysleep,3,sadness
im thoroughly in love w zen and jumin and i dont think id even have the patience for either of them irl im old and weary,1,joy
"It's simple I get after two shots of espresso 'Grande, decaf, 130 degrees soy americano with extra foam' #barista #nightmare",0,anger
@user I'm so serious DM me I'll tell u more,2,optimism
@user :)) im now writing abt the changing face of sex industry in tr :))) now men will talk to me then! #revenge,0,anger
I think I must scare my coworkers when I'm eating like a rabid animal on my breaks #srry,3,sadness
@user thanks Ryan &amp; Brad for scary the shit out of us in the first episode. Don't think my heart will make it through the s6,3,sadness
I'm really hitting all flavors of my sparkling water rap. But you know what's tripping me out? These half French and Spanish flavors.,1,joy
Go away please ... I'm begging Â»Â»Â» #depression #anxiety #worry #fear #sadness \nDreams of joy and my baby to be found...Sits on #AndisBench,3,sadness
Who's not going to hoco and wants to go to fright fest this Saturday??,1,joy
Ask yourself every day: \nam I ruled by fear and hatred \nor am I ruled by love and the sacred?,2,optimism
@user I want to achieve to your level of optimism,2,optimism
"Michelle, who did NOTHING is hating on Nicole's game hahaha.... #bitter #bb18",1,joy
Circle K is dead to me. I hate your new slushie machine.  #livid,0,anger
This is the scariest American Horror Story out of all of them... I'm gonna have to watch in the daytime. #frightened,3,sadness
"@user Betelgeuse/Sloth was lively, dedicated and tenacious, Regulus/Greed is humbly content and Ley/Gluttony is starving hungry.",3,sadness
I love when people say they aren't racist right before they say some racist shit... Not how that works...,0,anger
gifs on iOS10 messaging app are hilarious.,1,joy
"Look at us, smiling in the photographâ™ª You can see the secrets behind the fake smilesâ™ª (*ãƒ»Ï‰ãƒ»*) (Â©FACTã€Œa fact of lifeã€)",1,joy
"Don't be #afraid of the space between your #dreams and #reality. If you can #dream it, you can #make it so",2,optimism
"@user both are nonsensical. If there's injustice against blacks, why add to it by destroying black property. It's misdirected anger",0,anger
My bus was in a car crash... I'm still shaking a bit... This week was an absolute horror and this was the icing on the cake... #terrible,3,sadness
Quinn's short hair makes me sad. #glee,3,sadness
You have to find a way to top yourself.,2,optimism
"#Trump is #afraid of the big, bad #Hillary. #election #PresidentialDebate #PresidentialElection2016 #orangehitler #skip #hide #coward #fear",0,anger
First College Math Test tomorrow,1,joy
so probably hunger and depression and dissociating equals a weird time anything else,3,sadness
"@user I'm surrounded by those Trump voters. You're right, it is fucking terrifying. #redstate",0,anger
Don't chase fame\nif you're going\nto resent it\nwhen it starts\nchasing you'\nWRDSMTH,2,optimism
Anyway I'm in a car with a furious white men and I have a really funny story to tell when I'm sober ğŸ˜‚,1,joy
"â€œHe who is slow to anger is better than the mighty, And he who rules his spirit than he who takes a city.â€\nP16:32 #bibleverse #pride",2,optimism
@user otherwise you're committing a crime against your soul only sober ppl know what is good or bad for themselves,2,optimism
You head north and arrive at a breezy cave. It smells sweet. You glance at your watch; you're running 15 minutes late.,1,joy
"Are you worrying/worried?\n1Peter 5:7\nThrow all your worry on him, because he cares for you.#faith #leadership #worry #mindfulness #success",2,optimism
@user it's old sadly,3,sadness
"@user -Sylvia was elated to receive kisses from the little prince, her bright smile clear as she glanced to Garrett and Elyse- --",1,joy
kenny - where were you born\nme - washington\nkenny - you fucking liar you were born in the fiery pits of hell,0,anger
"There are parts of you that wants the sadness. Find them out, ask them why",3,sadness
"@user @user It ruins my frigging night each night at 9pm. Mrs loves it, i've been early to bed for a month.",0,anger
"i must say, the amount of low-level fighters and gatekeepers running their mouths is ridiculous. #jealousy  #ufc #jonjones",0,anger
I need to get out of this little funk so I can write!! #writing #funk #writerslife #depressed,3,sadness
Does anybody mom annoy them just by talking and she probably not even trying to annoy you ğŸ˜‚,0,anger
@user I'll be cheering you on from the bench,1,joy
Hating this already ğŸ˜Ÿ,0,anger
Duty calls. ğŸ˜§,0,anger
"Just a side #thought, everything takes #time and #effort ... #annoyed",0,anger
Few things more frustrating that organisations who don't have media contact numbers and request you 'fill out our online form' #rage,0,anger
@user my BF and I just rewatched the episode of #GravityFalls you were and he's fanboying  #YeahScience,1,joy
Who's Your Cat Daddy!?\n\n#cats #love #instagood #photooftheday #beautiful #cute #happy #fashion #follo ...,1,joy
"@user A review of my book faulted me for spending so much time on Webster's introductory front matter. But I had to, #brilliant!",1,joy
"@user Its been 6months i am behind this issue, i will nit allow you guys to bully me around like this",0,anger
"@user #bitter we all have bad experiences, this was 22 years ago...time to let it lie... @user forever â¤ğŸ˜â¤",2,optimism
@user It's kay. They were my main healer/caster in HW...but not for SB (for now) sadly.,3,sadness
Antonio Conte and Chelsea must be fuming. First Lukaku to UTD and now James Rodriguez to Bayern.,0,anger
"Longing to see Your face, Christ Jesus, I rejoice in the anticipation of Your coming again!",1,joy
"One hour great, next hour, bullshit! Welcome to Goodyear! #ğŸ˜ ",0,anger
@user Ur so flippin funny!!! I love it!!! #burning!!!,1,joy
"We can complain because rose bushes have thorns, or rejoice because thorn bushes have roses. Abraham Lincoln #optimism #FLOW #nonresistance",2,optimism
I'm actually very irritated ğŸ˜¡,0,anger
My innocent eyes ğŸ˜­,3,sadness
@user @user @user I confess I didn't watch last week. #bad Are you going to do an episode on accessibility?,3,sadness
@user #Love lights #up old tasks will soon going and!!! #serious,2,optimism
"Gorkas is angrily unhinged, &amp;lecturing CNN on what?they should cover demanding they go after Hillary Clinton instead of Trump.",0,anger
@user @user @user The official pi jam kit has arrived! #RaspberryPi #excitement,1,joy
@user @user I'm in tears. This is so heartbreaking ğŸ˜­,3,sadness
UPDATE: One person dead &amp; another in serious condition after home invasion in Flint. Incident happened in college cultural center area.,3,sadness
Getting out of the car park could take longer  than the Jimmy Carr show ran #nightmare,0,anger
Apologies don't have to be sincere. They make great place holders while you quietly harbor rage and plot adequate revenge.#TuesdayMotivation,0,anger
Ang cute ni grim reaper omg,1,joy
"@user Iâ€™m glad to hear that, Kara. Donâ€™t hesitate to get in touch again if you need to! Cheryl",1,joy
You choose your mood on weather you're going to be a #blessing or be rude..,2,optimism
@user Dont forget to eat you dinner nunna ğŸ˜„,1,joy
OMG we're eating drinking in a restaurant and  so is a baby!!! Quell horror #YummyMummiesAU,0,anger
Would be ever so grateful if you could record Garden of Forgiveness gentleman @user @user #amazing,1,joy
Hello.. I need Some Grumpy Cat Leggings A.s.a.p. MmmkayğŸ˜‚ğŸ˜ #adorable #cute #infj,1,joy
@user @user @user probably not and i resent my tax money being spent in this way.,0,anger
I should wear black &amp; mourn a lil'.,3,sadness
I love swimming for the same reason I love meditating...the feeling of weightlessness.,1,joy
facts about all the horrific ways i could kill them if i were in fact those animals.,0,anger
Somebody called y'all president a fucknugget ğŸ˜‚ğŸ˜‚ idk what that is but it was the laugh I needed this morning ğŸ˜­,1,joy
"The gravediggers looked #solemn. The groundhog blinked back tears. The crows fell silent.\nHey, what about ME!  crowed the rooster.\n#vss365",3,sadness
Family stuck with crappy options thanks to @user .  Worst airline.  #furious,0,anger
"@user i go back at the end of each year and look at the swag they marketed, to include last years training camp guide #depressing",3,sadness
"@user Russia , Russia Russia, Know any other word??? It gets old folks. We need to work together. Dems having tantrums!!!",0,anger
@user @user @user @user I didn't say it because you left the party and game in a huff,3,sadness
"So excited for the final 10 eps of @user So happy @user is back and @user returns, as well as @user ğŸ˜„â¤",1,joy
@user #croydonparkhotel will be receiving a big complaint from me tomorrow #worseservice #rudestaff #furious,0,anger
@user I have at 7am so I have to get up around 5am to get ready! N also 7am classes are never pleasant ğŸ˜­,3,sadness
sardonyx expresses herself through supporting the team with your incredible yo-yo skills and depression okay,3,sadness
"'I have a problem with authority.'\n\n'Oh, you mean you hate being told what to do?'\n\n'No. Authority figures just terrify me.'\n\n#SocialAnxiety",0,anger
feeling like a grim reaper all day hehehe\n9 days pa ğŸ©âœ‰ï¸,3,sadness
Still at school ğŸ™,3,sadness
"â€œLet us not become weary in doing good, for at the proper time we will reap a harvest if we do not give up.â€\nGalatians 6:9 NIV",2,optimism
@user sad day Danny ğŸ˜“you have been and still are a true Leeds rhino you have been brilliant at the club I will miss you,3,sadness
"'You dare threaten me, Thor, with so puny a weapon?'",0,anger
I'll control my #anger... if you can manage your #stupidity. #TeamFollowBack #ç›¸äº’ãƒ•ã‚©ãƒ­ãƒ¼ #fact #figuremeout,0,anger
"#YummyMummiesAU Are you serious! Breastfeeding should be illegal?! You breathing our air should be illegal, dumbass! #stupid",0,anger
@user bought a ticket from Harlow T to Heathrow from ticket machine and it was not accepted by Heathrow express #fuming,0,anger
@user @user With all the other stuff going on in houston #crime you spend your time bullying the homeless #wonderful,0,anger
"When you should be working, but you're shopping amazon prime deals instead... ğŸ˜¦",0,anger
@user @user You mean the President Protector? The rabid revolution sleeper agent gone rogue?,0,anger
ğŸ” #love #instagood #photooftheday @user #photoeveryday #cute #picture #beautiful #followme #happy #follow #fashion #pic #picoftheday,1,joy
When lil bro refills your water bottle cause it's a desert when I sleep... #cheering #lazysis,1,joy
I need a beer #irritated,0,anger
Pretty upset with people bashing @user @user cast of 'the Know' catering to kids instead of gamers? lost respect..,3,sadness
@user Horrible CNN interview.  U can't talk urself out if a paper bag. U don't even buy the crap that was coming out of ur mouth. ğŸ‘,0,anger
â™ª Racing all around the seven seas\nChasing all the girls and making robberies\n'Causing panic everywhere they go\nParty-hardy on Titanic... â™ª,1,joy
@user Nana's death in the Royle Family ğŸ˜¢,3,sadness
The stupidest and weirdest thing people do. And what's more stupid than that? They upload it online. Oh my god. But good for laughter ah. ğŸ¤£ğŸ¤£,1,joy
Thing is ... It's hard to be sober,3,sadness
@user @user No ones trying to fuck with you tiff.,0,anger
"@user Why don't you try nominating qualified people; B.DeVos, T.Pruitt, R.Perry,etc...really? They are terrible!",0,anger
When you get paid and you instantly start buying crap online that you don't need..,3,sadness
@user Happy Anniversary!! Have a great day!!,1,joy
@user Sometimes our judiciary just leaves you breathless and speechless.,0,anger
"@user @user No empathetic and realistic, I know when enough is enough unlike the rabid GOSH bashing mob.",0,anger
@user I haven't read the Constitution and I don't know you're Canadian. #sad,3,sadness
@user it's awful!,0,anger
I keep getting so worried about the amount of plastic that gets thrown away atm as if I didn't panic enough about the environment already :),3,sadness
Johnny doesn't seem like the suicidal type #suspicion #tcmparty,3,sadness
You won't reach a #goal you hide in a drawer. Keep it in front of your face at all times.  #WednesdayWisdom,2,optimism
@user happy birthday machaaaa ğŸˆğŸ‰ğŸŠ stay awesome and murah rezeki selalu ğŸ‘ğŸ»,1,joy
"Casper, Wyoming is just about  to witness totality ğŸŒğŸŒš #amazing #Eclipse2017",1,joy
"Catching up on Greys, almost couldn't make it through two episodes because of how sad the storyline was. Two best/worst eps for me.",3,sadness
"My mother-in-law, in a fit of #rage, referred to someone as a 'yo-yo'.\n#yoyo #motherinlaw #amirite #fitofrage",0,anger
@user There should need to take serious action over terrorism sir,0,anger
oh how i just love love love glee doing billy joel's numbers!!!!,1,joy
"@user Sir, people need revenge",0,anger
"I actually hate Vision. Coming over from @user is like moving from Man City to QPR. A league below, past it and clouded in chaos.",0,anger
@user apparently u left a calling card... @ which address cos it certainly wasn't the address u were supposed to be delivering 2!!! #awful,0,anger
I thought he cried over some of his relative death or something but when i know the truth . I just wanna burst out ğŸ˜‚,1,joy
Looking for good news today...not finding any on Twitter. Bummer. ğŸ˜¢ #depressing #badnews,3,sadness
U know what's very pathetic? The fact that I dearly miss my professors but they probably forgot about me already. #sad #:(,3,sadness
yas bret you're always making me laugh ily ğŸ˜˜ @user,1,joy
"Said it once and I'll probably say it again, anything more depressing than making your sandwiches for work the next day #cry",3,sadness
"Aw, bummer. @user (Maura Rankin) blocked me for calling her out as a #bully. Some people just #CantHandleTheTruth, can they?",0,anger
discouraged,3,sadness
"Happy 12th birthday to my Neopet! #retro\nHappy 75th birthday, Harrison Ford! #legendary\nHappy 80th birthday, Krispy Kreme! #delicious",1,joy
I'm shaking in my boots now. The Taffia are in full flow ğŸ˜‚ğŸ˜‚,1,joy
@user This is â˜€ï¸this is clouded sky ğŸŒ¥ğŸ˜‚ğŸ˜‚ğŸ˜‚ğŸ‘ğŸ½ğŸ˜ğŸ‘ğŸ½,1,joy
Soooo @user we need longer episodes ğŸ™ğŸ½ğŸ™ğŸ½ğŸ˜«ğŸ˜« #insecure,3,sadness
"@user Although I have a nice vulva, I choose not to intimidate other women with it.",2,optimism
"Elle: a delicious, dark, perverse work of intrigue, streaked with cruel humour. Superb performance from Isabelle Huppert. A one off #ElleDVD",1,joy
Sector71-78 area is all full of #Immigrant #bangladeshi they are a #threat to us\nthey #steal #Rape #Kill #bully \n#SaveHindusInHindustan,0,anger
@user Your majority is 635 members of the public- believe me you have offended rather more than 635 voters!,0,anger
"Thank you, @user for using the Afghanistan policy of #44... he was pretty smart! \n\nP.S. Do not look directly at the sun! #bad",2,optimism
"9. So to summarize... Aman, Norwood and Mitchell clearly lead the field in resources, though Mitchell's burn rate is alarming.",0,anger
@user Really??? I've had to hang up!,0,anger
"@user Hi Miguel, that's awesome! Thank you very much for updating us! ğŸ˜„ -Claire",1,joy
Idk why tiff always have a 6:30 am alarm that rings everyday for,0,anger
@user @user Goal posts moved out of America &amp; inching closer to #Russia #horrific. #treason,0,anger
Should I be flattered that locals keep asking if Im Swedish? #Swedish #beautiful #Europe,1,joy
"Once you've been hurt, you're so scared to get attached again, you have a fear that every person is going to break your â¤ï¸ğŸ’¯",3,sadness
Grumpy AF today #badsleep  #grumpy,0,anger
"If you're nervous about tomorrow's #Origin game, just remember, if it's a decider next year it will again be the 'biggest game of all time'",2,optimism
@user @user Ugh! Not those vile men again. ğŸ˜±,0,anger
Add me on snapchat : dfdf_66\n#dick #pussy #nudes #horny #anal #ass #bigbooty #bobs #cock #blowjob #sex #sexy #snap \nAny horny girls ?ğŸ”¥ğŸ’¦ğŸ‘…ğŸ‘…ğŸ‘…,1,joy
"@user I skip anything below 718 score tbh. Finding other fully SI horse teams is fun though, I added a few through arena. ğŸ¤£",1,joy
"Carlsbad #Rouladen is one #delicious, hearty, home-style dish! Stop by and let us know how you like it! #getdtl #ldnont #chaucers #marienbad",1,joy
ain't no sunshine when she's away â™«,3,sadness
@user I've finished reading it; simply mind-blogging. The writer said 'to be continued' but I haven't found part 2. #depressing,3,sadness
@user I have tried #PUR Mojito Lime mints They are #delicious ğŸ˜˜Happy #NationalMojitoDay to all #contest #win âœ…ğŸ’š,1,joy
Chiropractor time  #crackle #pop #chiropractor,1,joy
@user i'm very happy glad or whatever the feelings i'm not into dramas,1,joy
My boss said to another girl who is leaving 'i hope your new job is shit.' How pathetic. Hence why people are leaving in droves.,0,anger
blood rage,0,anger
Paul is such a fucking bully! Dam leave the poor guy alone. He went on #BB19 to play the game same as you SMDH pathetic #annoyed #worstvet,0,anger
Cyclist slams breaks to pace it to traffic lights. I slam car breaks&amp;tell him careful nearly ran him over=all the cussing #charming #bulwell,0,anger
"No one wants the chubby, scarred toy. #hurting",3,sadness
Depression sucks #getHelp,3,sadness
I keep asking myself why I'm constantly drawing Teo w a frown but then I just remember what's going on and I immediately understand,2,optimism
@user There is nothing comical or funny about corrupt officers and negotiating the rand amount for a bribe ğŸ˜¡,0,anger
My neck still hurting though... ğŸ˜¥,3,sadness
"also, been kind of silent on s11 of the x-files because i am terrified that CC is going to screw it up! actually i know he will... #dreading",0,anger
@user Hahaaa! Was fuming with that ğŸ˜ğŸ˜‚,0,anger
"He is holding her so close, wrapped his hands around her shoulder, she is holding them and they're both smiling. I'm still living. â˜ºï¸",1,joy
When you realize you start college in literally less than a month hahahaha what the FUCK I just wanna be a #carefree teen forever TF,0,anger
Going over the #script for this weekend! Can't wait to start #filmming! #actorslife #ActressLife #actress  #horrorfilm #HorrorMovies,1,joy
A little positivity for a dreary Tuesday.  From my little jar of positivity now available in my #Etsy store #selfhelp #HandmadeHour #anxiety,2,optimism
I hope you smiling and just laughing your soul out @user . I love you so much.. My Person\n                 ğŸ˜˜ğŸ˜˜ğŸ˜˜ğŸ˜˜\n                    ğŸ˜˜ğŸ˜˜ğŸ˜˜ğŸ˜˜,1,joy
fuckfuckfuck my hands are shaking,0,anger
@user Same as the bully in second grade. Classic.,0,anger
@user Is it just me that thinks it looks boring?,3,sadness
@user Think it lost its heart after the second version. Third was disappointing and haven't played the fourth yet,3,sadness
@user Maybe Don Jr isn't dumb but wants to take revenge on his dad?,0,anger
@user the emoji movie doesnt have a midnight premiere where i live this is an attack #EmojiMovie #midnightpremeire #outrage,0,anger
Words cannot describe the sheer pain of the blisters caused by these new sandals. I am this close to going barefoot all the way home #grim,3,sadness
had noodles for tea\nyummmmmmy\n#yum #yummy #ddlg #abdl #chgl #noodles,1,joy
Prepare to suffer the sting of Ghost Rider's power! Prepare to know the true meaning of hell!,0,anger
@user Im terrific thanks.\nI hope you managed to get even if it's just 40 winks of ğŸ˜´. It was a crushing defeat. He was so dejected,1,joy
@user @user Is it about rabid penguins on a plane,1,joy
@user  'out of his motherfucking mind'.... don't think anyone could say it any better. #terrifying #biggestcrybabyinhistory,0,anger
'....trying to work out how a band featuring Corin Tucker and Peter Buck (REM) could be so bad.' WAAHHHHH @user  #devastated,3,sadness
@user Gliese 581d #smile,1,joy
Just finished playing Mystic Messenger. And I didnt expect the amount of angst in it! ã€’â–½ã€’\n #mysticmessenger #feels,2,optimism
@user He will be jeered even more by next year. Doesn't seem to get it that every last European including Brits think he is dreadful,0,anger
how can u expect me to love something that makes me so unhappy? ğŸ˜Œ,3,sadness
Some people are so irrational! #irritated ğŸ˜’,0,anger
let's do an action for #AmaranthYatra  Stand against this type of #shamless #activity give a one voice to against #terrorism #india,2,optimism
@user @user Since when did someone break #chromecast for ALL MacBooks? PLS -We #despair at days wasted trying 2 make it work again,3,sadness
I'm so sorry\nfor so many things\nI never say it\nmy burden to bear\nSo tired of talking\neven dreams grow stale\nMadness a relief\nto my ?,3,sadness
@user @user Eng.R  u call a spade a spade if u were good lets all mourn but if you not pop a bottle and say good riddace,3,sadness
"- She was so #artistic, .. painting .. #smiles on every face but her own .. â– |",1,joy
"@user said, â€œSurely the #bitterness of #death is past.â€ [2/2]",2,optimism
@user @user Tory teachers I know are disillusioned by another 1%. There seem to be more sullen faces in the staff room.,3,sadness
LibertySeeds: realDonaldTrump LizCrokin Great #start for #MAGA ...,1,joy
its horribly gloomy out rn and im flourishing,3,sadness
"As included in the Villalta scale, people living with #PTS experienced heaviness of the leg and pretibial oedema. #ISTH2017",3,sadness
Post vacation blues are so real ğŸ˜”,3,sadness
@user @user Rob is #bad,0,anger
"@user Well, thank you. Sincerely ğŸ˜Š",1,joy
No offense but I was team cap in civil war but I understood some of Tony's reasoning,2,optimism
@user Whats more sad are the adults who continue to do it afterwards,3,sadness
Don't be discouraged.,2,optimism
"@user Love your dogs...when I see how happy they are and my own dog, it helps me forget the crap. Thank you",1,joy
when you try your best but you don't suceed!!!ğŸ˜ğŸ˜­ğŸ˜­ğŸ˜°ğŸ˜°ğŸ˜¢ğŸ˜¢#Sad #alone #tears #b #bored #boredtodeath,3,sadness
â€œThe #optimist proclaims that we live in the best of all possible worlds; and the #pessimist fears this is true.â€ ~ James Branch Cabell,2,optimism
There is much in the world to make us #afraid. There is much more in our faith to make us #unafraid.,2,optimism
Shitty is the worst feeling ever #depressed #anxiety,3,sadness
"@user there would likely have been signs. But let her grieve. It's not your yen yen yen, after all.",3,sadness
"@user @user Americans do not spank their children, and they are a God fearing people who knows the biggest sin is hypocrisy.",2,optimism
Remain attached to God during your happiness and during your sadness.,2,optimism
Think of the amount of hatred necessary to commit this type of crime-it should be a capital offense.No bail.Laws were meant to protect.,0,anger
who knew magnus bane with teary eyes and trembling lips would be my downfall,3,sadness
see me #smiling at my #past like what was I thinking? \nFind #rest oh my #soul d #seas Å„ #storms still know HIS name. \n#JESUS\n#iLoveJesus,1,joy
@user increasingly I am. Corbyn would screw us with his ideology. Don't expect tories to do it through sheer incompetence. #grim,0,anger
PUPPY FOR ADOPTIONS !!! Happy pics!! Please SHARE for exposure! Put out the word to good adopter prospects!...,1,joy
Usually the things you are most #afraid of are the most #worthwhile. #FACT #TeamFollowBack #rocktheretweet,2,optimism
"Oh death, where is your sting?",3,sadness
New Lyft User? Use code to get credit: INVITES #Hey coupon clippers! #cheery #LyftNOW,1,joy
I need a sparkling bodysuit . No occasion. Just in case. It's my emergency sparkle suit .,1,joy
The wildest shit just happened at work I'm astounded,0,anger
"Today, no matter how desperate or dire your situation nothing is too difficult for God. (Jeremiah 32:27) #JustBreath #HeIsAble #Believe",2,optimism
"@user So she's saying that the mountain of verifiable evidence that says otherwise is all fake news? Well, there's a surprise! ğŸ¤£",1,joy
@user @user Christy is a bigger piece of shit then trump is and a bully.,0,anger
"Dirty Den returns, bursting forth from his grave to deliver a horrible vengeance.",0,anger
@user @user Ugh..hate Manarino got this game ğŸ˜¦,0,anger
@user The best of make up horror story...,1,joy
"Me: How much price for this poster of this sexy man? Sales Clerk: That's a mirror, sir.\n #LaughOutLoud",1,joy
@user @user No she incriminated herself with a multitude of felonies over her 2 1/2 decades of #terror on the US\n#MAGA\n#POTUS45,0,anger
@user @user @user FYI speed trap on I-75/I-475 NB.Changes to 50 Mph . Slow down or receive a $120 ticket in mail! #angry,0,anger
Why would Mourinho be talking about Lacazette??  He doesn't worry about other club's players.  That's Klopp and Wenger's job,0,anger
@user Wow you don't read mine? #offended,0,anger
Happy bday @user . You legit the big sister I never had ğŸ˜Œ have an amazing day dude ğŸ™ğŸ½,1,joy
@user I remember when Ron Reagan said tear down that wall.  Trump is so afraid of 'others' he obviously doesn't feel safe.,0,anger
Looking for a Lyft ride? $50 free w/ Lyft Code: CLEO # MK #mirthful #LOVETOSAVEMONEY,1,joy
@user @user I'm fuming that you're fuming ğŸ™„ #fuming,0,anger
@user Some jurono play very smart dont support truth but give opinion in a way tht ensures  government dont feel offended,0,anger
When coming up with banal text to add to things note that 'BE HAPPY' is a lot of god damn pressure!\n#depression #anxiety,3,sadness
"Stated at home the whole day, no eat, no enough sleep, chest and body aching. ğŸ˜¥",3,sadness
@user Wow I've just spotted the cutest human being alive #blessed ğŸ˜,1,joy
I fw @user he don't hesitate to speak his mind,2,optimism
"We join our sister's in #SA as they mourn the death of a bright star #PrudenceMabele. RIP sis, till we meet again. #AfriFem",3,sadness
.@AlistairBurtUK states that DfiD is working hard to ensure Palestine isn't funding terrorism #FCOQs,0,anger
"Note to self: stop going for 'just 1 drink' in the week, it's never just 1. #hurting",3,sadness
I'm legit in the worst mood ever. #annoyed #irritated,0,anger
@user @user did u take a fee for this instead of just pointing? #outrage #twitterfume,0,anger
@user Miss Gale I'd really really appreciate a follow back!! I'm one of your biggest fans!,1,joy
"Cold sores are the worst. The second you smile or laugh, it's over. Blood everywhere",3,sadness
@user Also never got me a replacement taxi so I was forced to get a new one and transport myself! #terrible #twohourwait #nohelp contd,0,anger
@user congratulations on becoming a senior lecturer! Well deserved ğŸ˜„,1,joy
@user #TuesdayThoughts #horror damn it's tough to chose. But I will go to camp crystal lake but not as counselorsğŸ˜,1,joy
That person that #TalksTooMuch it becomes fucking #frustrating &amp; you get #mad but u have to pretend ur interested cos ur a nice person,0,anger
"Wow that last chick was a bit intense, poor Freddie was a bit unnerved lol #NinjaWarriorAU",1,joy
Coming up on snap chat so add me asap MATEO_BKNY #snapchat,1,joy
"Once she said you are my world, now she is saying not only you exist in the earth. #pain  #heartbreaking",3,sadness
filled with sophisticated glum,3,sadness
"@user Please, please do something about her! Where's Kayleigh, Jack, Jeff? Ugh. #awful #doctor?",0,anger
@user @user Delusional.  Disgraceful.  Democrat.  Enough said.,0,anger
The Audacity of Rampant Government!  #threaten,0,anger
I'm so upset ğŸ˜­,3,sadness
"@user happy birthday love!! ğŸ‰ğŸ i hope you're having the best day, i'm glad we metğŸ’•",1,joy
idk if i should be angry or happy that a local &amp; trusted online shop i've been following since 2015 is already doing wanna one g/o's KJDSAHK,0,anger
Some white folks were jumping in joy when they thought Floyd Mayweather was broke ğŸ˜‚,1,joy
Going to bed with dry and clean hair. #blessing,1,joy
You grieve for those who should not be grieved for;\n#KissablesLoveSMShopmag\nAllOutDenimFor KISSMARC,3,sadness
@user @user @user @user @user @user Since when was being 'fair to Scotland' a concern for the British state?,0,anger
Best thing about the #bossbaby film has to be the wizard alarm clock doing lotr quotes!,1,joy
If people tweeting about #loveisland we're as passionate about other topics the world would be a much better place! #dull,3,sadness
One day someone will change ur perspective from bitter to sweet from broken to complete,2,optimism
@user leave it kanna. same thing happened after Uri too. outrage and outrage until Sept 30. anyways re.. will be out today too.,0,anger
"Thankful 4 Mother Nature's help with the 'watering ', downside, my legs are protesting ğŸ˜£ #ouch #snap #crackle #pop rice crispies 4 legs ğŸ˜€",1,joy
"i know i have been ranting these for days,  but fuck how can they dub weightlifting so poorly?  ğŸ˜ ",0,anger
"The Republicans need to offer a detailed and competitive plan, if they don't buy counter terrorism, or their own plan.",2,optimism
@user So funny!!!!!!!!! #lol   #clever,1,joy
@user @user Inexplicably well paid talking head who lectures in impenetrable consultu-speak #dire,0,anger
@user 5000 likes. There are 300 million people in the U.S. Ha. You are Real popular ğŸ˜…,1,joy
Some days I feel like I'm going to accomplish everything I've ever dreamed.  Today is not one of those days #nomotivation #rainyday #gloomy,3,sadness
Poetry of love â¤ï¸ #.I love you from my heart # I love you from my soul # I love you real # you are in my all things what can I do I'm shy oo,1,joy
@user LOL ğŸ˜ This show is so funny,1,joy
oh and my alarm should be going off soon for the doctor so that's fun,1,joy
@user Indeed ğŸ˜²\nAlways a #worry for our #homeland #Gibraltar #Spain \n#Tale or #foretelling #future\n#great #short #story,2,optimism
"This the way I rage, \n\non sum wopstar shit â­ï¸",0,anger
@user But his mannerisms are hilarious !!,1,joy
I'm changing the snowman's into awful looking monsters at night. Its so funny when their owners encounter them and scream!,1,joy
My heart is hurting because I had to pour my milk out because something was in it ğŸ˜­,3,sadness
@user @user @user @user @user Being #gay is not an #insult,0,anger
@user all of this!If the GOP continues to back this mob connected man you will have tremendous regret in 2018 the voters will make sure,0,anger
@user Hats off your excellent Tetris like ability to pack 5000 passengers into a 2  carriage train on rush hour. #awkwardorgy #bitter,0,anger
"@user Ah that's a neat idea, will check that out - might makes me more depressed about my slowness tho ğŸ¤£",3,sadness
@user Exhausting for us. Imagine being so tightly wrapped that you're writing these 'think pieces' at such a furious rate. #medicated,0,anger
I am furious. It is nearly 1pm and we still haven't signed another player. #getyourchequebookoutchairman,0,anger
We cannot let @user #bully any #indiedev into paying them for a 'faster lane'. Most indie devs don't have these funds. But @user does!,0,anger
"@user don't #worry, froggy\nit will SOON be TIME for #FROGFEARFRIDAY!",2,optimism
We probably wouldn't #worry about what people think of us if we could know how seldom they do.,2,optimism
That morning when you get half-way to work and THEN realize the 4 year old is still in the back seat.  #backtrack,2,optimism
"@user 'my own mistakes?' Grisk asked - well, more of a growl 'My mistakes meant that I could /learn/ from them and improve!'",2,optimism
"@user @user That's a fucking outrage. Yeah, the frowny-face rating doesn't exactly cover it.",0,anger
@user @user @user McNabb at times started out bad the defense made plays the offense found rhythm,0,anger
"@user beyond a joke! So #furious right now you have left my niece, sister and brother inlaw completely in the dark! Crap customer service",0,anger
",, The solar eclipse was really cool.. #inspiring!",1,joy
Look at this little guy! He is connecting to his magical self.ğŸ˜‡\nWhat do you do to keep life magical?ğŸŒˆ @user #magical  #be,1,joy
@user Stop fearing and stop fearmongering. You are much better than that.,2,optimism
"Jordan is helping Arya hunt a moth, lifting her up to get it on the walls. it's super adorable. #kitten #boyfriend #adorable #hunting",1,joy
"Article 370 must be abolished. Human rights must be denied to these NGOs, Separatist n terrorists who advocate peace n terrorism. @user",0,anger
Definitely crying from the worst nightmare I've had in a awhile,3,sadness
I should've stayed in bed.,3,sadness
I hung up on my manager last night ğŸ˜­,3,sadness
Accidentally looked directly into the solar eclipse. Didn't die. Didn't get superpowers either. #disappointing #SolarEclispe2017,3,sadness
"@user Most pathetic after service experience for Baleno servicing, #horrible Feel i have made a mistake buying",0,anger
mood: kinda bitter bc lee hi didn't appear in jaewon debut mv,0,anger
ha ğŸ™ƒ ha ğŸ™ƒ i just realised that i've never actually been to therapy and i still don't know if i'm depressed or just sad all the time,3,sadness
i leave in 3 days and just now remembered that my car has massaging seats :/ #crap,0,anger
"IK to PMLN: 'Darling, I will haunt you in your nightmares, dressed like a dream.' BEST THING EVER. #GameOverNawaz",1,joy
@user im sorry i voted jeans &lt;/3 u look banging who tf needs food anyway when ur a student existential dread feeds us,1,joy
Having a movie day with my favorite today ğŸ˜„ god I love my lil goth bean.,1,joy
"The #eclipse is boring. Check out @user , or @user , or @user , or @user These shows aren't boring.",2,optimism
@user Not much room in there ğŸ˜±,3,sadness
I want to be like Eunice. #relentless,2,optimism
"1 Samuel 18:15\nAnd when #Saul saw that he had great #success, he stood in #fearful #awe of him.",1,joy
@user Macron slips up and has a moment of clarity &amp; common sense...now he is a raging racist. Sounds right. #LiberalLogic,0,anger
"@user you are a joke bank. I despair at your complete lack of common sense. The UK however, gets it. WTF is wrongâ€‹ with you ?",0,anger
@user I try not offend too but tbh if anyone says anything bad about Aaron or Aaron stans that's when I start getting shitty ğŸ˜‚,0,anger
I rage quit on Minecraft and I deleted the game. #rage,0,anger
"On that note, petition to take HPE for .5 credits so your horrific grade in there matters less.  #ORUFreshmenAdvice",0,anger
OH YEON SO's kdrama is so nice and i am still in awe that she and dara are friends now.. hope they can have kdrama soon!,1,joy
There's nothing more #depressing to me than thinking about how many times I will shave my legs in my lifetime. #showerthoughts #writer,3,sadness
someone cheer me up,1,joy
Skyq is ğŸ‘ŒğŸ¼ but it's about time @user sorted there internet out! #dreadful,0,anger
I'm sorry but it just feels wrong to have an All-Star Game without #Bryzzo there. #depressing #ASG2017,3,sadness
Why do I get mad so easily ğŸ˜,0,anger
the teacher gave us assignment to write a letter on why we should bpe hired (hypothetically) and i'm having a mental breakdown &amp; anxiety,3,sadness
Chicks I don't even talk to look up to me. #flattered,1,joy
"The Majority is angry. Use of words like Kashmiriyat infuriate it further. Hope ministers, spokesmen weigh words ...",0,anger
"@user Yeah, his heart is evil and his speech reflected that.  Says a lot about your character that you find it 'awesome'.  How",0,anger
"Psalm 2:12 Kiss the Son, lest He be angry, And you perish in the way, When His wrath is kindled but a little.",0,anger
The excitement I get when I see tipping point is on tv is rather sad,3,sadness
"Don't be afraid of your fears. Their purpose is not to frighten you, but enlighten you and lead you into a better future. #dailycraig #fear",2,optimism
"@user wait, I saw this tweet and thought he was joking... He was serious?? ğŸ˜‚ğŸ˜‚ğŸ˜‚",0,anger
@user why is your phone and booking system so poor,0,anger
they think they're The Shit when they ain't shit gdi im bursting with anger,0,anger
I graduated yesterday and already had 8 family members asking what job I've got now ğŸ˜‚ #nightmare,3,sadness
"'First they #ignore you , then they #laugh at you , then they #fight you , then you #win' #Gandhi",2,optimism
Hey @user #imwearingyourshirt today!! #humbleandkind  #awesomeness #timmcgraw #wqmx @user @user @user,1,joy
Let's start all over again.....\n#feels #lover #happiness #loyalty #truth,1,joy
@user Genuine refugees are terrified of authority figures. They wouldn't provoke them like this mob.,0,anger
"In this state of #terror, you are far more susceptible to #addiction. ğŸ¤”\n\nAlso more likely to spend your #money in attempt to feel better.",0,anger
Getting up for work is so much harder when Charles doesn't have to ğŸ™,3,sadness
"@user Not just SATS. GCSE as well lost 5 marks because missed a coma, answer correct #annoyed",0,anger
Odd watching #Antifa extremists going full spectrum to become Fascists\n\n#Violence #Hate #angry #Clueless #YOUTH in mom's #basement come out,0,anger
"I just tore my 2nd meniscus in 2 months what the fuck have you accomplished. But seriously, reaching maniacal laughter pain/WTF, self?-ness",0,anger
Daniel killing her ex doeeeğŸ«ğŸ«ğŸ«ğŸ˜› #insecure,3,sadness
At least @user not turning up is not the most outrageous thing at #F1Live #Kaiserchiefs,0,anger
@user @user We need to get you out of there and relocated to somewhere that isn't afraid of sunshine.,2,optimism
Found out the peraon i liked wanted to that someone else #sadness,3,sadness
Don't be afraid to ask questions! He's real &amp; there's always a revelation.,2,optimism
@user @user @user nervous laughter ensues,1,joy
Does #fear of #Missions still have a hold on you? Are you so busy looking for opportunities you cannot see anything else? Matthew 10: 27-33,2,optimism
"@user The difference of being a third country in negotiations, as opposed to a member state, hasn't sunk in yet",0,anger
@user i cant wait for the day you release the album so that i can finally unleash my fury \n\ni hate this long ass hiatus ok afshdkflckakdbwi,0,anger
@user .@CrowGirl42 and I also! If you're over 105 wear whatever the hell you want! ğŸ˜…,0,anger
Caroline FFS shut this whinging â€˜Last Word Tomâ€™ up!! He is unlikeable &amp; a smartass! His biases R boring! @user @user,0,anger
@user believe it! you can start your temper tantrum now/,0,anger
@user #F3Roswell #Preblast\nI've been handed the keys to Roswell Area Park. See you in the gloom. Be ready to slip &amp; slide at 0530,1,joy
@user @user 'I'm dismayed at the UK decision to pull out of the EU and I've urged May to rejoin' - EUropean leaders ğŸ˜‰,0,anger
Today I'm #grateful for\n\nMy car\nMy phone\nMy thumbs\nGoing on walks\n@Twitter \n\nWhat are you grateful for today?,1,joy
@user @user Interestingly shocking and sad! American Judiciary is seriously flawed!,3,sadness
@user @user yeah you have not been the perfect patient like I was #dread,0,anger
Trying not to be annoyed but I keep getting told I'm on lists for things and then everyone's on the list except for me ğŸ˜,3,sadness
@user Nope we don't have it. It's an #outrage,0,anger
@user Glad it went well ğŸ˜„,1,joy
"@user Ha, sadly not: just the undying respect of your peers, I'm afraid...",3,sadness
reminds me a little of Monster (though on a tiny scale) and it has one of the most genuinely horrific villains I've ever seen,2,optimism
@user i know ğŸ˜°,3,sadness
@user Let's see how many Republicans do more than feign outrage.,0,anger
@user @user Looking forward to the big fella's comeback... #furious,0,anger
@user may I ask a question please #scared,3,sadness
I keep it real.. sorry if you get offended ğŸ¤·ğŸ½â€â™‚ï¸,3,sadness
Lady singing really loudly with headphones on making everyone giggle @user #train #journey #smile,1,joy
Thousands of pickled certified ostrogoths ! #angry,0,anger
"Dating a skinny girl is fun though, anytime you get bored you start counting her ribs and measuring her spinal cord! #happy",1,joy
angry? the austrian in front of you is even angrier,0,anger
I really want a fucking knife that I'm not afraid to use!,0,anger
@user how can u have sold so many copies but ur game has so many fucking bugs and mad lag issues. Optimize ur shit soon.,0,anger
@user So are you saying there's a good chance that two teams might *gasp* finish last? One in the East and one in the West? #offended,0,anger
"@user no offense but one of my friend watches you and calls you his 'Synpie' which i have no idea why but, he watches your videos",1,joy
@user after you said an apple pie isn't naughty I really want Chris or  @user to say 'but a cream pie is' #naughymind #rage,0,anger
I've seen the innocence leave your eyes. I still mourn this death.,3,sadness
Seems like the only time spent sober these past few days was when I was sleeping. And even then I was waking up faded lol,1,joy
I'm fuming I wanted Hamez,0,anger
@user Why dont you have nothing #to. #insult #justajoke #seriously,0,anger
@user Delaney keeping up his awesome Manchester United transfer record...\n\nğŸ˜‚,1,joy
@user I woke up in dread too. #2017,3,sadness
House sitting for MIL. Feeding baby @ 3.45 and cat starts scratching at door. Mummy now needs a nappy :S #terrified #NeverAgain #nope,0,anger
No legit though this is my first ever experience and it's when I don't wear makeup so was pretty ironic tbh #giggle but no ta pal,1,joy
Looking up some phone prices online and it just saddens me even more ğŸ˜§,3,sadness
3. There is already a lot of resentment against the coal miner and union crowd among the liberals. They are seen as racist and as having,0,anger
It's taking apart my lawn! GET OFF MY LAWN!,0,anger
Fuming with @user always awful customer service given. #fuming #angry #shitservice,0,anger
@user @user @user @user @user Bitch played every role she ever did exactly the same.  #dull,0,anger
Three more shifts then I start the next part of my tutorship in response #enjoyingthelastfewdays #excited #nervous #newchallanges,1,joy
@user I'm feeling bad for the family dog.  #nightmare,3,sadness
Just asked someone for help and to low key be my mentor #adulthood #anxiety,3,sadness
Stay angry.,0,anger
@user ... or have an earpiece that feeds him gruelling questions by an irate news editor :),0,anger
These guys really out here disrespecting women while their moms still be doing their laundry. ğŸ¤£,0,anger
@user @user @user @user I can't even find tickets anymore gunna call it a day and go cry in the corner I think ğŸ˜­ lol,3,sadness
@user Every #girl #nightmare ha ha ha (~.~)!!,1,joy
this weather = my mood â˜” #miserable,3,sadness
"'I smile. I laugh. \nBut behind it, is a mysterious me.'",1,joy
"Daughter, her husband and kids caught a boatload of red snapper &amp; mackerel off Port Aransas... we enjoyed the #fish feast #delicious",1,joy
Fuck @user  Let us go for #splendid isolation !,0,anger
Mon the Blues! #origin #queenslandvsnsw #blues #hayneplane ğŸ”µğŸ”µğŸ”µğŸ”µğŸ”µğŸ”µğŸ”µ,1,joy
One chair is having the munchies. Are Alpacas edible? #afraid #WhattheFAC #SalientFAC #Salient2017,0,anger
@user #killerspresale - How is it fair that people have bought multiple tickets and are re-selling them at twice the price? #angry,0,anger
"Most condemn, some protest and few revenge, it takes guts. That's all. \r#AmarnathTerrorAttack #Hindu #Kashmir #RajnathSingh #Modi #Ninda",0,anger
@user ğŸ˜‚ğŸ˜‚ i love ur angry comments,1,joy
"@user Sorry to burst your bubble, but opposition research is part of every political campaign.  Doesn't matter where it comes from.",3,sadness
"You want to know why I was laughing? It was a #solemn occasion, that's why. And she was always laughing, wasn't she? #VSS365",1,joy
@user Never a good experience at 919 E Fort Ave location. I never learn because I love chipotle #terrible #badservice,0,anger
"Damn twitter making everybody mad, it's hilarious ğŸ˜‚",1,joy
Love it when @user is laughing as hard at @user rif as I am! ğŸ˜‚ #crying ğŸ¤£ğŸ¤£ #chateaubriand @user,1,joy
A good head and a good heart are always a formidable combination. (Nelson Mandela),2,optimism
@user #ë”ì‡¼ #GOT7 #ë‹ˆê°€í•˜ë©´ rthrc #IFYOUDO #mad treeq,0,anger
"You can't change who people are, but you can love them #sadly",3,sadness
Hey @user would it be safe to assume that this is the most disappointing #madden in years in your opinion?,3,sadness
@user karamadai ranganatha. Pallikondeeswarar shiva. Some more avl. Dont outrage without reason @user,0,anger
13) mutual whos always online - @user bc we have to bully her to get to sleep,1,joy
@user @user U envying Blac Chyna money yet wanting donations urself 4 whiteman #gossip #snarl!,0,anger
"You still have hope Of being lonely, apart, not having a baby. #dismal",3,sadness
@user Unbelievable #arrogance to think you know better than #StephenHawking .,0,anger
Support your local #firefighters to help ensure they are able to carry out their job tonight without fear of attack or harassment. #nifrs,2,optimism
Before... I fear of not having you in my life... Now... I fear of letting you back into my life. #fears,3,sadness
One of my clients just said that my look reminded her of Kim Kardashian! Oh shoot hey now! Watch out...\nNot bad.. okay #flattered,1,joy
And this kind of thing happens bc certain ppl play victim bc of their gender which is horrid. Own up to your mistake and apologize for it.,0,anger
"I don't know why I'm like this but, whenever I see him, I just smile and feel happiness when he's aroundğŸ’•",1,joy
"All I want to do is sleep. My dreams are bizarre, but still an escape from my problems. Is this #anxiety, #depression, or both? #tiredoflife",3,sadness
"@user aw, you make me smile, too.ğŸ˜‰ğŸ˜˜",1,joy
It's so sad when you talk so highly of someone then they end up disappointing u and making u look like a pendeja,3,sadness
Is it okay to think you are going to die alone? #sadness,3,sadness
@user @user Fourth Visit in a row... Wow!!! Amazing as ever... Can't believe I can't go again... #whatpart... #brilliant ğŸ¦‡,1,joy
Defin @user Worst.Internet.Service.Ever. The cancer of monopolies,0,anger
@user The Guptas is the middle man from hell. ..men with cigars sitting and plotting in the dark of night,0,anger
Can't sleep.. been awake for hours! Still haven't come up with an answer.. #stressed #cantsleep #sotired,3,sadness
@user homyghad ğŸ˜¢,3,sadness
I think I have to finally admit that I need to see a dentist ğŸ˜¢ little bit toothache last night ğŸ˜“ #fear #scared #phobia,3,sadness
"@user Maybe don't nom so many raging dicks, Donny!  Jeez, it's like teaching a baby to fly a jet!",0,anger
@user @user @user watching the #totalsolareclipse on ur channels right now #amazing what's happening in the #usa,1,joy
@user yessss waiting for an epi is for the birds. it sucks. im waiting for walking dead new seasonğŸ˜©,0,anger
Gutted for #andymurray. #sadness #balls #Wimbledon2017 ğŸ¾ğŸ˜¬ğŸ¾,3,sadness
"Never stay silent or let anyone intimidate you into silence.  Lets make the world a better, safer place for kids #wallofsilence",2,optimism
@user Been there done that,1,joy
"@user Everyone in the world uses the word #terror so it serves his own purpose, that's not only in the #GCC the case...",3,sadness
@user Heeeeeey shilaaang ğŸ™,1,joy
Free yourself from the poisonous and laborious burden of holding a grudge. @user #quote,2,optimism
"@user #PrimeDay , free slurpee day at 7-11's,  national chicken day, i got some multitasking to do and squeeze in my dr. Appt ğŸ˜§",1,joy
@user I hope didn't scare other people who owned this figure that he will move at midnight ğŸ˜‚,2,optimism
Things that rage me: when I hear a man ask a woman if she thinks her skirt/dress is too short\n\nğŸ˜¨ğŸ˜µğŸ˜ ğŸ˜¡ğŸ˜¤ #shame #rage #Feminism #feminist,0,anger
@user Yeah funny and sexy ğŸ˜,1,joy
Real Q abt #DonaldTrumpJr mtg not being asked- did they show him proof of #trumpdossier &amp; threaten to blackmail #resistance #Putinspuppet,0,anger
Those people's #crying who don't usually cry is really #gloomy,3,sadness
Where did I go wrong?\nI lost a friend\nSomewhere along in the bitterness \nâ€”,3,sadness
When one door closes another one opens #opportunity #growth #optimism,2,optimism
Featuring grilled halibut with a lime basil crust and a yellow tomato and lobster coulis #yummy #seafood,1,joy
"@user Off to jail with lots of other like minded muslims, with his koran, prayer mat, halal #islam = #terrorism",0,anger
The real question is why am I still up!? #cantsleep #restless,3,sadness
what will we do when #GoTS7 is over? im starting acknowledging  #endoftheworld #GameOfThrones #dontleaveusjustyet,3,sadness
Ugh @user really do have the worst customer service!!!!!!! #astounded,0,anger
Tomorrow should be interesting if info is being released re away priority &amp; Canalside membership! #outrage #htafc,0,anger
@user You bottled it and deleted the pictureğŸ˜© #scared ğŸ™ˆğŸ™ˆ,3,sadness
Low key Dro f*cked Molly like he had a point to prove lmao ğŸ˜‚ #InsecureHBOÙ #insecure #MollyOutHereWreckingHomes #repeatcycle,0,anger
@user But sadly.. you are too busy with your new drama ğŸ˜,3,sadness
Happy birthday @user i miss you tons + i'm so excited to be back in florida to hear all about Turkey + to have our ğŸŒ®dates!! ğŸ’›ğŸ‰,1,joy
@user no air working in the 1sr carriage of the 18:03 from Victoria to Bognor. #boiling #southernfail,0,anger
Did they offend us and they want it to sound new?,0,anger
"@user @user It's what they'll be known for. Temper tantrums, obstruction, working against the American people.",0,anger
10/10 do not recommend burning your scalp in the sun. my parting is glowing red and it burns ğŸ˜‚ whereâ€™s a cap when you need one?,0,anger
Red Sox fans are #mad #onhere - it's almost like their All Star relief pitcher and 1st baseman both left with injuries in this game ğŸ¤·ğŸ»â€â™€ï¸,0,anger
Having a 280 day snap streak end is heartbreaking,3,sadness
The second type of #anger is named 'settled and deliberate' and is a reaction to perceived deliberate harm or unfair treatment by others.,0,anger
Jock! Pakistani are Firing on loc without reason.They r Killing our Pilgrims. #PMO Thanks! V r safe! R V #warfools ? #fearing PAK nuke??,3,sadness
Today all India Bank strike? WTH. Was this announced? What's this strike for?,0,anger
"Christian, Christ is your sacrifice that turns aside the justly deserved wrath of God &amp; justly satisfied Gods righteous demands.",2,optimism
It's a #blessing to love it's a blessing to have someone to love,1,joy
"@user This isn't about the UK government, sadly: reading what I can of the article, it's coverage of the Irish law review.",3,sadness
Everytime I see Kirks face I get angry #LHHReunion,0,anger
I made a joke &amp; my boyfriend laughed but when I looked over he was actually laughing at a video on his phone #sad #&lt;/3 #hurting #brokenheart,3,sadness
Boom pagod ğŸ˜¡,0,anger
this time i really can't articulate how i feel... i am rendered speechless. #disheartened,3,sadness
@user use the F word as much as you need to. People may start to listen. :),2,optimism
@user @user This is such a pleasing color palette!,1,joy
Happy birthday @user â˜¹,1,joy
I went so deep into my thoughts that I started shaking. I real deal upset myself to that point of anxiousness.,3,sadness
"When people tell me they're a huge fan of #LordOfTheRings, but they've never read any of the books...\n\n#sadness #despair #misery #covfefe",3,sadness
met a cute virgo boy from maine. He shared his joints with me while we harmonized in a garden.,1,joy
@user thnx fan ğŸ˜‚,1,joy
@user Too true- my logic was blinded by outrage ......,0,anger
@user Humanist &amp; sailor!? ğŸ˜‚ğŸ˜‚ğŸ˜‚ğŸ˜‚ğŸ˜‚ğŸ˜‚ğŸ˜‚ğŸ˜‚  You forgot to add big time loser! #arsehole ğŸ‡¬ğŸ‡§,0,anger
Goddamn fucking piece of shit panic attacks...,0,anger
Can't sleep!! Maybe #worry !!!!!! Or Maybe I need to Chang my pillow !! Maybe..!ğŸ˜,3,sadness
She'll leave you with a smile,1,joy
Day 1 tom ğŸ˜±,1,joy
Too many of us are not living our #dreams because we are living our #fears.,2,optimism
"The moment I joined BTS, I was nervous &amp; felt lost. I still have those feelings but whenever I do, the people who bring me back are you guys",3,sadness
Today's gloomy weather reminded me that winter is coming and then it'll be cold again for 7 months. #pessimist,3,sadness
@user An outrage,0,anger
I think #Saudis are responsible for most of the #islamic #terror in the world. Both with their #Wahhabism and by financing terrorists â€¦,0,anger
@user Id argue that sakura space is the best of the franchise and its not on your list. #dissapointed,3,sadness
Can't pretend that I was perfect leaving you in fear #revenge ğŸ”¥ğŸ”¥ğŸ”¥,0,anger
@user I don't know my mouth was burning the whole time,3,sadness
Don't grieve over things so badly..,3,sadness
@user I didn't. We all went out and got pissed down the local instead. ğŸ˜„,0,anger
Yes #depression &amp; #anxiety are real but so is bein #grateful &amp; #happiness \nI choose how i wanna live MY life not some disorder,3,sadness
A solitary rogue long hair now in my left ear? Its retreating from my head &amp; yet is relentless up my nose? Hair takes the piss...,0,anger
I'm so sick of that 'I'm done w. My ex na we're never getting back together' crap so You can get back together in like a month ğŸ˜‚,0,anger
The fact that I could be in malia with Billie rn but instead I'm laid in bed watching repeats of Jeremy Kyle is making me wanna cry ğŸ˜­,3,sadness
"Don't be light and dark, night and day, smile and cry, â€•â€•you and me.",2,optimism
